,authid,password,username
0,AUT_544658,QmBNAgFrlA,HubertCoffey
1,AUT_195372,xsWwzGGjO,JamesSaar
2,AUT_253295,NndCpkEnQn,GabriellaRussell
3,AUT_937688,KghFgOClnJ2,NinaSmith
4,AUT_993372,52c4_4gOmjs4,AstridVazquez
5,AUT_710971,mPEiSzGM7jL9,MarioSorenson
6,AUT_595372,mH4jCrS3NcvB,JillSmith
7,AUT_364907,BRleJt5T,ElizabethLear
8,AUT_429486,eONhmFLJK7u,WandaPinson
9,AUT_480451,Lx36OgrUmyN,EddieCash
10,AUT_608348,aNl5jy46DyTW,LenoreGlowacki
11,AUT_615872,GM6_G3pOuct,ChrisMoss
12,AUT_901728,2xe6J770THF,JayneDevane
13,AUT_267429,HCGBNtdc1,BrandonMurphy
14,AUT_233488,oA_U7nckqwIU,BrentMorrison
15,AUT_717648,GeskQQUq,NancyDodimead
16,AUT_697253,VC45daaRDM,MaxSchroeder
17,AUT_485121,usmHux30,SharonHarris
18,AUT_737965,KaMsKVQK,RobertLemons
19,AUT_224272,PTjnOEjiJda,AmandaMcneill
20,AUT_312856,gR_paPdp,EbonyUpchurch
21,AUT_272719,nmmMNRsei,NickGarcia
22,AUT_694263,ecP6izt,VictoriaWilliams
23,AUT_676613,uDoHUNwBTjxr,RubenWeber
24,AUT_375350,9cnhlRMmC,WesleyRouse
25,AUT_685672,MuiGGEuBCF,EdwardMiller
26,AUT_962591,y8lVGNTuDEb,AnnDavis
27,AUT_460543,mN2W7vsMm4,LyndseyNavarro
28,AUT_226434,6eIty_1sdO,JacobStaton
29,AUT_897372,EQblWChhBr4,JuanitaBrooks
30,AUT_694444,q8tWqg1V5M4T,CharlesLeos
31,AUT_763170,nfAVrH2eao,RicardoAcosta
32,AUT_679691,MKQpbzxhwH,NanetteGatlin
33,AUT_932558,kiNRpGxKmQi1,LacieShalash
34,AUT_528179,G0HDp0o,DebbieHarness
35,AUT_176322,FmssONjbMA3H,JohnHunter
36,AUT_591849,2IANAuIF,JohnTobey
37,AUT_682949,g6z3ESueR5,RandyRollin
38,AUT_266349,PVKcjdjpImz,GregoryWright
39,AUT_917913,vQQz_yVqbH,GinoRose
40,AUT_367623,_3dT4bpWjmT,JohnRuderman
41,AUT_249555,iTqoVSd,NancyCabrera
42,AUT_773076,ov95FoLP8,ClarenceVela
43,AUT_801128,RpvwxWUha,RichardLewis
44,AUT_326277,d6rE2Hmw1,NancyWhitehead
45,AUT_639119,kwGCIfFA,MilanZullo
46,AUT_578391,5_bDc75Vz,MichaelPax
47,AUT_203079,oj8G5gpC5,MichaelMarroquin
48,AUT_102795,4r_oHO4xdU,RichardRothenberg
49,AUT_480873,omrd1toMG,CharlottSmith
50,AUT_329153,5mBsrGzEk9M,LoisLundy
51,AUT_739826,OBJPsW7gLuW,LindaCreger
52,AUT_291724,EKDpSDDN,JacquelineRobinson
53,AUT_308007,jEr41WfcPKo,AngelaOdermott
54,AUT_366025,V7JcwcB0,AudreyHarrison
55,AUT_242406,Q_rdRdtkUuQ,NeilHolcomb
56,AUT_214894,PiTGsyOICBRz,WendyPowell
57,AUT_440365,BtRe9qvbH8yS,SandraJorgenson
58,AUT_344724,Kaj0TirSt04,JeffreySalcedo
59,AUT_226315,NgegGTk1,MarkWebb
60,AUT_663859,chfzhrTLc7,LuzReyes
61,AUT_684738,H0RGSna50,CamiEiland
62,AUT_354951,B8tlhgLVw,NestorBunch
63,AUT_981005,KFVbSqTrcRs,DustinMyers
64,AUT_374586,hj32SGBnK,KennethWilliams
65,AUT_285388,DsGE9bSWwkP,JasonHajdas
66,AUT_418701,DE4fk2fM4,JessieTurner
67,AUT_108896,JgKuBhWx,VanessaDixson
68,AUT_949401,3gPg5qxIsx,ChristinaWischmeier
69,AUT_468340,iNcp1t1LdT,JenniferMcglade
70,AUT_974017,GQBeDSRfQn3,EdnaKlan
71,AUT_326155,WEg8kDKSQ6,ThomasDuff
72,AUT_885899,34_6xxcj,SusanNason
73,AUT_452596,NVLDmaQ71jQ,BonnieJohnson
74,AUT_637773,iHL10qoG,CharlesSpieth
75,AUT_114208,0FuzFwzz,DavidChristensen
76,AUT_697357,12AtjSp,CarolStiggers
77,AUT_480592,P4v_8tMeORwt,DebraMartin
78,AUT_906468,_6kHqiHl,NancyPatterson
79,AUT_861599,Ict_KaEcJ,CraigJones
80,AUT_787119,E1v370Ak3,EnriqueTeal
81,AUT_772144,ln4oCCed1,CalvinHall
82,AUT_334451,3AiSjB5c7N,HenryLang
83,AUT_190541,tBfUbAfH,ManaKling
84,AUT_385108,GoKD4v9,TraceyRichard
85,AUT_497538,7ITauAqpka,MauriceOvalle
86,AUT_375402,uBz2zsyE96mn,DawnHinton
87,AUT_858988,dvDkB3TCP,DorothyWoodcock
88,AUT_298923,MtSOJwuU,LouisThomas
89,AUT_208280,92aEr0aV96,LoriMayson
90,AUT_586730,Sq56FfTur,CherryFlanagan
91,AUT_442729,bOV0SizWzVG,GwenCunningham
92,AUT_837609,OhFF_Otj1,BillyBonham
93,AUT_358744,V0JO9wl4,RitaHester
94,AUT_854191,3S9GUerRB_4s,StacyWolcott
95,AUT_313031,VSB1l075,DanielHare
96,AUT_671487,Pi4xizhAtLgv,AnnetteMoilanen
97,AUT_330472,k0MJWUCzx9,JaneHastings
98,AUT_641772,Bx64jimfwsJ,MichaelHamilton
99,AUT_771267,kN03965bH,BrendaJones
100,AUT_864409,ldvDRQEm,EleanoreShelton
101,AUT_296162,Cno6HKleu1_,PamCohen
102,AUT_508507,ANjvSH7TFA,BernadetteBray
103,AUT_161714,CLcpGGoV,RenaThomas
104,AUT_206473,59JsEfrpEL,VernaMichaels
105,AUT_659799,H4gpmEuVv,MichaelJohnson
106,AUT_610588,NdiLhdom77g,LorraineEmerson
107,AUT_251853,DLOSVDSgj,CarlaBritton
108,AUT_199932,3vLVydW,PamelaDellinger
109,AUT_108730,cVBd0NxH55o,GertrudeMaples
110,AUT_781864,xee_WGSw,VelmaBarker
111,AUT_432437,nG1tu7Lm,GregoryPotter
112,AUT_133790,LqaJjuVwqNh,JanaeRobles
113,AUT_287023,zVV1pPAz7w,CharlesRarden
114,AUT_848936,3PzRjsupr,ThelmaGardner
115,AUT_416177,cv59fnNb,LandonJaffe
116,AUT_976643,QHwNlM2mL,EricaGilliland
117,AUT_969867,uBna5Nd8w,AltonSayler
118,AUT_258449,6PKsxvOO8,MichaelNielsen
119,AUT_116458,te8Riki2,LindaStinson
120,AUT_843534,H0gF9JKR2Ka,DanielleWingfield
121,AUT_827634,IoyE_NT,JohnOwens
122,AUT_390235,oM80A85cdsh,CarolMurphy
123,AUT_625174,GjyrbGf,DominiqueKemp
124,AUT_681445,vx3b0jS,LatonyaSummy
125,AUT_817501,1EkOHiwPqj2,FreddieGardenhire
126,AUT_625354,pp8CUlyUEtT,LarryMassey
127,AUT_250927,vhouk2634a,SeanMosley
128,AUT_373018,JbhKU37_sn,SabrinaGordon
129,AUT_130781,JtAh9Fm,RoyMahan
130,AUT_633537,cC2F4CBmG,ElaineScott
131,AUT_130515,vhPq3xEoCG4,JamesCondon
132,AUT_242052,sOriBA1Epp,RobertWeng
133,AUT_272743,h1zwxDq_UH,BettyArmstong
134,AUT_540297,W4O9WPynq,FranciscoWoodruff
135,AUT_684635,oV1wqny96,DawnWest
136,AUT_108163,P0_LJaln,CliffordMiyamoto
137,AUT_643004,WSCop0LqfCM,RobinElliott
138,AUT_705891,qrrrr15HKuj,LindaMartinez
139,AUT_479499,3arfCsyv,GeorgeGoforth
140,AUT_743799,K6dwCJlmEH,JefferyKelly
141,AUT_502433,pBtJT_Nq,PatriciaRodriguez
142,AUT_920587,bivMn7zJe,DorisRodenberger
143,AUT_923656,aqdPiQL9_,KennethAnderson
144,AUT_501422,0rArMJMMxVJ,JosephEckland
145,AUT_482575,s1JDVCmy,ToddMontgomery
146,AUT_568406,qvN5mhqPCj,BrianLeitch
147,AUT_839562,7ezEx5E8UbB,BerniceClark
148,AUT_593010,U4obFjWrPRi,NicholasJones
149,AUT_519045,GgJ9fgLnr2C,CaseyCrimmins
150,AUT_813711,6WMtQyrQtD,KaseyMoreno
151,AUT_515881,NWryKUOvt,GaryHall
152,AUT_524750,H3T6FQJ0C,HerbertHarper
153,AUT_669922,8EUmz6TcGtrn,StephenIshee
154,AUT_491200,mnsvT4kN,ConsueloCrowley
155,AUT_518564,huSAGSe9,PhyllisReid
156,AUT_153034,HSt_kNaq,KristinaVeach
157,AUT_719894,p3hvcOaAM,CindyRobinson
158,AUT_554884,8KJ0wMcL829,JamesBoland
159,AUT_865162,qClkHimvHD,MelissaGilford
160,AUT_137392,3hPewj1E,JonNobles
161,AUT_922233,splFKjKlRqM,PatriciaCalvert
162,AUT_980740,1Wc4SQB_h,DavidLowery
163,AUT_955867,62614_JnhK0U,VincentArmbruster
164,AUT_339770,JUgK_O4oehwm,BettySmith
165,AUT_221273,aSpBi4r7Fn,HildaSmykowski
166,AUT_587588,9nUOHvcBbej,NancyPaul
167,AUT_800591,8dHtdQ1Fscs,SoniaAnderson
168,AUT_978939,eoLvBzt1C,AmandaJohnson
169,AUT_864333,cwnR2fLt87,VilmaBrough
170,AUT_567803,wvgPVone3o,KennethWilliamson
171,AUT_458974,85yoDKmV,JudyCrider
172,AUT_125209,QOkuI1Dwx,ElaineBurton
173,AUT_489651,cEfvyhzUhTRb,EdwardBoling
174,AUT_140010,IUzrTFDKma,MariSims
175,AUT_617037,wWcSPdIT,RuthMorris
176,AUT_511156,0bM53JT_Gpn,EricGreene
177,AUT_676001,qnF6wAFD5l,FranklinMuina
178,AUT_143997,4HOwPpISLE5q,MarieDeleon
179,AUT_877860,25jwbvAe9M4,GregoryDimaggio
180,AUT_427439,N4uPo4P0,RobertMagnusson
181,AUT_916717,DNUoWA6J,AngelaWashington
182,AUT_798348,1Nfy8xu,BruceBrackley
183,AUT_807514,AjxdM3vu,PhilMiske
184,AUT_691012,2aRBHTvxkEs,MarkJones
185,AUT_738451,iWz4HqMhV,MargaretBrown
186,AUT_134764,Nrjd1CIH,MatthewMcclurg
187,AUT_152417,xPwx8D7A,NancyRomero
188,AUT_252070,kmWitp6j,AlbaDavis
189,AUT_877850,Bh4uNRlD5,JanetGibson
190,AUT_184443,r0tjGTAgS8d,JackDarroch
191,AUT_860016,DBjJsTOu,CoryOswald
192,AUT_715858,fLWGOMBGvCO,JohnBraxton
193,AUT_577609,FMPb9Eqk,JoyceChatten
194,AUT_255625,WvtLGBSUKF,KatiePayne
195,AUT_784850,1bbmaicKj,AshleyRosenblatt
196,AUT_636742,PSdwJDFdr,TheresaRennemeyer
197,AUT_125106,xt4p9U24Ud,PeterThielen
198,AUT_881467,grFUSl8Jr,JerrySilvernail
199,AUT_283666,HlPvTqJ2B,RuthSchoettmer
